ÆÚºÅ,ºÅÂë1,ºÅÂë2,ºÅÂë3,ºÅÂë4,ºÅÂë5,ºÅÂë6,ºÅÂë7
0,17,18,25,27,28,4,8
1,18,21,22,23,35,11,12
2,7,8,15,19,28,8,9
3,11,14,29,31,32,11,12
4,3,4,7,27,31,6,9
5,5,19,22,26,35,2,6
6,3,5,13,20,25,7,11
7,2,13,14,32,34,2,12
8,7,10,11,17,18,4,9
9,23,25,26,30,33,3,11
10,4,10,23,30,31,5,11
11,2,8,11,16,23,2,7
12,13,18,19,27,32,6,11
13,7,11,23,26,28,2,7
14,15,19,27,28,30,3,4
15,2,7,21,27,33,7,9
16,11,26,30,31,33,3,10
17,7,8,10,20,21,1,5
18,10,15,19,20,30,11,12
19,5,6,24,27,33,5,12
20,20,25,27,28,31,8,11
21,12,14,27,28,34,3,7
22,1,4,10,21,29,3,5
23,6,7,19,26,32,6,12
24,1,17,24,28,35,10,12
25,2,14,31,34,35,1,7
26,10,14,15,25,28,3,10
27,2,3,7,16,17,6,10
28,1,12,15,26,35,10,11
29,2,10,14,30,33,6,9
30,7,9,11,26,35,1,8
31,1,14,22,29,33,3,10
32,5,13,24,29,35,7,8
33,15,16,20,29,30,6,10
34,6,14,19,26,33,8,11
35,2,8,17,19,25,1,5
36,2,6,9,21,25,6,8
37,6,13,22,25,26,2,4
38,6,14,15,17,20,1,5
39,11,14,18,20,25,3,7
40,8,12,14,20,24,6,10
41,2,3,15,22,26,3,11
42,8,11,16,29,35,1,4
43,3,20,21,22,24,6,12
44,1,3,24,32,33,4,6
45,2,20,21,26,30,2,10
46,1,4,22,23,34,8,9
47,24,26,29,34,35,9,11
48,23,25,30,31,35,7,8
49,1,17,19,32,34,6,10
50,5,9,14,29,30,9,11
51,4,6,23,32,34,5,7
52,15,19,20,26,32,4,7
53,9,13,25,31,33,3,7
54,4,16,27,28,35,2,9
55,13,15,17,23,34,1,11
56,5,7,19,20,28,5,7
57,3,11,16,21,26,9,10
58,3,6,10,11,24,10,11
59,3,6,17,20,25,3,9
60,3,6,15,17,35,7,11
61,2,11,13,14,30,9,12
62,1,4,14,16,19,3,4
63,9,22,32,33,35,5,10
64,1,10,22,23,25,2,12
65,4,7,17,21,27,10,12
66,1,6,9,25,33,4,8
67,6,8,12,14,18,6,8
68,1,4,6,11,19,7,9
69,6,18,31,33,35,10,11
70,7,12,17,19,34,1,10
71,9,15,20,23,29,4,5
72,2,5,9,11,32,4,9
73,2,3,9,16,19,3,7
74,4,12,14,21,35,2,11
75,9,11,20,29,32,1,7
76,10,21,27,29,33,4,12
77,8,17,25,28,33,7,11
78,5,11,16,30,32,3,4
79,8,10,14,25,34,7,8
80,1,3,5,30,32,1,5
81,1,11,14,34,35,7,10
82,1,4,19,20,34,3,5
83,18,23,25,26,32,2,7
84,2,6,10,32,33,4,7
85,2,3,5,17,29,4,10
86,9,21,22,26,30,4,12
87,7,11,20,24,27,1,11
88,17,18,23,30,31,10,12
89,11,14,21,24,31,2,10
90,7,9,13,16,32,2,9
91,2,12,22,30,33,2,4
92,16,18,29,33,35,9,12
93,7,21,22,30,33,4,6
94,1,12,13,28,29,3,4
95,2,20,23,26,34,5,10
96,17,21,26,29,32,2,7
97,8,9,10,19,34,1,2
98,4,8,17,19,25,1,7
99,7,13,20,27,29,4,9
100,21,27,28,30,34,8,11
101,6,12,20,23,33,1,9
102,6,9,11,14,21,1,3
103,1,5,16,22,34,8,11
104,1,3,20,29,32,5,12
105,5,19,20,27,33,3,8
106,5,23,30,34,35,8,10
107,4,22,25,28,35,4,5
108,3,7,10,12,35,3,5
109,5,10,17,23,28,2,8
110,7,21,28,31,35,4,10
111,2,16,26,31,34,9,11
112,2,6,12,19,33,8,9
113,8,11,13,22,25,4,7
114,11,24,26,33,35,8,9
115,3,15,16,17,21,7,10
116,8,25,27,29,35,2,3
117,16,17,23,26,32,2,12
118,10,22,27,33,34,1,11
119,9,12,13,26,33,4,10
120,1,4,17,18,26,3,10
121,1,4,9,22,28,4,12
122,1,2,3,8,22,1,4
123,11,15,24,26,35,4,5
124,1,7,11,15,21,4,11
125,8,19,29,34,35,6,11
126,9,17,27,28,35,3,8
127,5,25,26,30,35,4,10
128,14,22,24,28,32,7,8
129,1,9,15,30,33,4,9
130,7,19,20,23,24,5,10
131,8,10,12,16,22,3,9
132,1,9,18,19,23,1,9
133,10,12,21,24,30,3,7
134,6,14,18,28,33,2,5
135,8,11,13,30,32,2,6
136,5,7,9,20,28,2,7
137,11,16,20,21,28,5,11
138,2,20,21,23,32,6,12
139,2,3,6,7,33,8,9
140,1,4,13,17,28,3,7
141,2,3,11,14,27,4,10
142,3,8,12,13,22,4,12
143,3,12,23,26,30,4,7
144,7,12,13,19,23,2,8
145,7,11,18,20,29,9,12
146,3,4,5,9,34,7,9
147,4,5,8,22,33,7,10
148,2,3,11,15,27,4,12
149,4,9,15,24,35,4,10
150,5,25,27,30,34,6,12
151,7,8,10,25,28,3,11
152,2,18,25,26,32,2,7
153,4,6,7,8,16,2,8
154,6,14,25,27,28,4,11
155,8,11,17,31,35,7,11
156,12,16,20,23,31,5,12
157,5,6,27,28,29,11,12
158,13,16,20,22,27,1,2
159,2,7,23,26,35,1,12
160,1,4,20,23,29,4,8
161,8,11,15,20,28,4,10
162,3,4,11,15,28,2,3
163,2,10,20,24,31,6,12
164,1,2,17,32,34,4,9
165,2,11,12,21,34,4,8
166,1,13,15,32,35,8,10
167,3,6,22,24,25,9,10
168,4,16,24,29,35,2,12
169,14,18,20,28,34,10,11
170,17,23,28,29,32,1,3
171,1,8,18,28,30,10,12
172,2,9,10,21,35,1,7
173,3,9,10,12,21,4,11
174,4,10,12,23,27,8,9
175,11,15,18,20,27,5,6
176,1,12,16,28,33,3,12
177,1,22,30,31,32,4,12
178,5,7,26,30,31,7,10
179,15,20,23,26,33,2,8
180,1,8,14,16,28,4,10
181,6,14,21,34,35,3,10
182,13,15,26,32,33,5,7
183,5,10,23,34,35,1,11
184,11,18,20,21,33,6,7
185,1,5,14,23,31,2,7
186,7,8,12,21,26,1,6
187,12,14,25,34,35,3,12
188,1,15,22,28,32,3,11
189,1,15,19,26,27,5,10
190,17,20,21,22,31,2,8
191,3,11,25,29,34,3,6
192,3,4,12,18,34,10,12
193,11,14,15,19,20,3,7
194,2,15,18,21,27,3,6
195,9,11,26,28,35,6,7
196,2,7,9,19,33,1,7
197,3,14,16,22,34,2,6
198,3,11,15,22,30,8,10
199,3,9,10,15,16,7,9
200,4,18,27,28,30,3,10
201,15,24,27,30,34,4,12
202,2,9,16,23,27,3,8
203,1,3,22,28,30,2,5
204,12,13,17,31,32,1,6
205,3,4,5,11,22,5,6
206,7,13,20,29,34,4,7
207,2,17,20,28,29,1,7
208,1,5,15,22,31,2,9
209,4,15,20,22,24,1,9
210,1,4,10,11,14,2,5
211,1,5,11,12,26,2,7
212,10,11,22,26,28,2,4
213,11,13,20,27,31,2,4
214,7,19,20,31,34,5,8
215,2,3,9,16,32,3,4
216,1,2,5,15,21,4,5
217,1,8,17,27,30,5,6
218,11,14,17,22,30,7,9
219,4,5,28,34,35,1,8
220,4,7,20,25,32,3,9
221,3,15,26,32,34,8,12
222,2,14,21,22,26,5,7
223,3,5,6,24,30,3,7
224,4,11,23,26,30,1,6
225,4,14,20,28,35,2,3
226,10,12,24,31,33,4,9
227,8,10,12,26,32,5,9
228,1,12,22,23,33,1,12
229,9,14,16,24,26,4,12
230,1,6,7,9,10,2,11
231,4,8,19,31,35,1,2
232,1,7,23,24,26,3,7
233,3,7,9,17,21,3,6
234,1,4,5,11,35,3,9
235,1,6,18,32,34,1,3
236,2,13,19,22,23,2,7
237,1,8,13,24,32,2,9
238,19,29,31,34,35,6,10
239,14,17,19,24,32,1,6
240,2,10,19,24,30,5,8
241,9,22,25,31,32,8,12
242,6,10,33,34,35,1,3
243,17,20,21,29,30,5,9
244,23,25,26,30,34,3,7
245,3,7,18,25,30,2,7
246,17,25,26,32,34,4,7
247,7,11,12,16,33,5,7
248,1,2,7,33,35,6,10
249,3,4,7,11,30,8,9
250,9,12,19,22,33,7,8
251,10,11,26,33,34,1,6
252,5,9,19,22,32,3,5
253,2,5,20,28,31,2,11
254,4,22,23,24,32,6,12
255,3,4,26,29,33,6,7
256,2,10,20,21,35,1,12
257,3,7,8,25,27,3,5
258,1,5,7,8,11,6,10
259,4,6,7,20,29,2,4
260,3,5,12,13,26,7,12
261,3,16,20,26,29,3,9
262,4,5,19,25,26,1,11
263,5,6,7,14,17,10,11
264,3,12,24,27,34,1,12
265,3,5,6,13,18,10,12
266,5,6,14,27,29,6,10
267,1,13,20,21,26,4,10
268,10,13,18,23,30,6,12
269,20,21,25,34,35,3,12
270,4,7,8,11,16,9,11
271,5,9,16,18,30,4,7
272,5,8,9,14,34,2,5
273,7,17,26,27,30,6,12
274,3,13,15,26,30,5,12
275,5,19,25,31,33,10,11
276,1,2,3,7,17,4,10
277,6,15,17,22,25,1,9
278,3,6,9,23,34,2,11
279,2,3,13,19,26,2,3
280,1,18,21,25,35,7,8
281,2,10,16,21,23,2,12
282,1,18,21,28,32,5,12
283,3,5,7,20,23,4,11
284,3,11,27,34,35,1,2
285,3,10,16,21,33,5,6
286,6,15,20,23,27,8,10
287,1,19,23,24,30,4,5
288,2,7,8,20,25,11,12
289,24,27,28,31,34,4,8
290,5,9,19,27,35,2,3
291,5,8,10,32,35,2,10
292,1,4,9,14,17,1,6
293,2,7,19,22,28,3,5
294,5,12,22,27,32,4,7
295,5,10,15,19,31,3,6
296,5,11,18,19,27,5,6
297,5,8,12,19,21,6,11
298,4,6,18,27,33,7,9
299,13,15,17,19,22,3,4
300,10,17,20,30,35,10,12
301,2,12,22,23,27,2,6
302,3,12,17,19,31,2,6
303,1,12,14,26,27,7,9
304,16,17,26,29,35,1,7
305,2,11,15,27,30,2,5
306,4,13,20,26,28,3,12
307,13,19,28,30,33,2,12
308,9,14,18,33,34,3,12
309,1,5,18,27,33,6,8
310,5,6,18,19,27,7,12
311,5,15,16,28,31,2,7
312,4,5,6,15,26,8,11
313,12,23,25,34,35,1,7
314,17,24,26,28,32,7,9
315,6,18,20,21,31,3,4
316,6,24,26,30,33,2,7
317,5,13,18,19,24,2,7
318,10,13,16,28,35,4,5
319,5,10,21,26,30,1,7
320,1,15,17,21,33,7,10
321,1,6,11,23,29,1,11
322,5,6,7,11,16,2,11
323,8,9,13,14,34,5,7
324,4,11,19,20,24,8,11
325,2,4,6,9,18,7,10
326,7,13,14,15,22,7,11
327,2,13,15,22,34,2,12
328,8,22,23,33,34,4,6
329,4,5,8,17,27,6,11
330,3,8,11,15,16,2,10
331,4,10,11,18,31,5,8
332,3,8,10,23,27,2,12
333,7,8,13,19,29,11,12
334,5,8,15,18,21,4,8
335,5,16,23,25,28,1,12
336,1,2,13,14,26,5,11
337,1,11,12,18,21,8,10
338,7,8,15,27,32,8,12
339,3,10,13,14,32,7,11
340,8,14,16,34,35,6,12
341,1,7,10,12,23,6,8
342,2,4,6,19,22,2,6
343,2,18,23,27,30,5,10
344,1,11,19,26,35,11,12
345,4,10,15,20,24,7,11
346,11,15,16,20,29,4,8
347,4,15,16,20,35,3,12
348,10,16,22,26,27,7,11
349,6,10,16,29,33,5,11
350,3,4,10,16,32,4,9
351,2,8,14,15,35,10,12
352,1,4,16,19,33,3,12
353,3,6,10,12,31,1,2
354,2,6,7,12,15,6,12
355,4,10,13,28,33,11,12
356,12,19,20,22,28,2,6
357,1,3,31,32,34,1,3
358,1,12,18,26,35,6,12
359,5,11,16,18,27,7,12
360,6,16,26,33,35,4,8
361,3,9,21,28,30,1,12
362,1,3,5,7,18,8,9
363,8,12,15,27,30,1,2
364,1,2,4,16,24,7,9
365,1,4,7,11,30,7,8
366,3,8,21,26,33,4,5
367,7,9,13,14,33,2,4
368,1,4,18,24,28,2,3
369,6,22,28,29,33,2,7
370,16,18,24,25,27,2,7
371,10,12,15,17,19,2,3
372,6,13,16,19,29,3,7
373,11,17,19,29,33,8,9
374,1,3,14,26,30,6,11
375,1,4,14,15,21,1,5
376,7,13,17,24,33,1,10
377,1,8,16,27,34,3,12
378,4,11,19,25,32,1,2
379,3,18,19,26,34,6,12
380,1,5,7,22,25,3,4
381,3,5,13,16,28,2,6
382,2,5,10,13,30,4,6
383,12,14,20,28,31,9,11
384,8,10,15,17,18,1,8
385,5,9,17,18,19,7,10
386,4,12,13,16,17,4,9
387,3,7,24,25,27,2,12
388,3,9,15,18,26,6,12
389,3,8,17,20,24,6,11
390,3,12,16,29,32,1,5
391,14,17,19,25,30,4,8
392,21,26,27,29,34,5,6
393,15,16,17,31,32,3,9
394,4,8,18,20,32,10,12
395,2,7,14,22,31,1,7
396,6,18,23,26,28,3,12
397,14,22,23,26,30,3,5
398,3,6,7,8,21,1,8
399,2,4,5,12,28,8,11
400,4,8,18,29,30,3,7
401,5,12,13,31,34,10,12
402,1,7,10,11,20,3,6
403,2,6,24,33,34,2,3
404,1,11,26,33,35,2,10
405,3,8,9,13,33,1,2
406,9,18,29,31,33,6,11
407,6,17,18,24,31,7,11
408,4,7,20,22,33,1,2
409,19,24,28,29,34,10,11
410,3,7,23,26,33,4,9
411,1,6,8,12,15,3,4
412,5,11,16,28,35,6,9
413,1,23,24,28,33,4,5
414,7,10,22,23,33,8,11
415,3,11,12,19,21,5,11
416,14,19,23,27,34,6,12
417,4,5,19,31,35,2,12
418,8,12,14,15,19,1,10
419,3,16,22,23,27,1,4
420,12,14,21,32,33,2,11
421,3,4,16,18,25,1,11
422,4,7,21,22,29,3,6
423,11,12,14,16,26,8,9
424,1,3,4,11,29,8,12
425,11,13,15,21,27,5,6
426,7,16,20,21,34,4,6
427,8,10,12,19,20,10,11
428,6,9,29,32,35,2,4
429,8,9,21,30,31,5,12
430,6,7,21,29,30,1,10
431,21,22,25,27,30,8,9
432,6,9,11,16,35,2,5
433,4,5,14,21,34,6,9
434,7,11,13,22,29,3,8
435,1,14,17,21,33,7,10
436,2,6,13,18,25,1,2
437,12,18,26,28,29,5,6
438,8,12,27,31,33,4,8
439,3,7,8,9,29,9,10
440,3,16,27,28,32,4,5
441,6,19,21,27,28,3,11
442,10,16,23,25,34,2,5
443,9,10,24,31,32,7,12
444,7,8,9,10,22,3,4
445,4,14,17,24,31,1,4
446,1,16,19,20,31,2,7
447,1,13,14,26,28,7,11
448,14,24,26,28,35,2,3
449,6,7,13,22,24,10,12
450,3,14,15,23,29,4,5
451,6,20,21,26,30,6,9
452,12,13,16,20,21,1,7
453,2,15,18,25,27,5,7
454,10,12,14,18,23,1,4
455,13,14,20,28,34,6,10
456,7,14,18,29,35,5,12
457,11,16,25,30,34,8,10
458,3,11,16,18,33,3,11
459,5,7,14,18,19,4,10
460,6,22,26,28,31,1,7
461,6,20,24,33,34,4,11
462,26,27,28,32,34,6,10
463,8,9,21,25,33,1,8
464,3,14,19,23,25,1,4
465,16,22,24,29,31,4,5
466,1,2,14,25,31,5,7
467,6,11,17,22,35,11,12
468,7,12,25,27,28,10,11
469,1,2,14,17,18,8,10
470,2,10,13,21,35,1,12
471,7,16,24,26,31,10,11
472,3,4,10,27,29,1,5
473,7,11,12,22,30,3,6
474,1,6,9,15,26,8,9
475,7,18,28,29,32,6,8
476,1,6,12,20,34,4,12
477,3,9,12,28,30,4,12
478,13,19,24,25,29,2,8
479,5,12,17,24,26,1,2
480,2,5,23,30,31,3,9
481,2,5,10,16,30,4,7
482,1,8,13,21,24,2,11
483,8,12,16,26,33,5,6
484,3,7,12,18,31,7,10
485,1,20,23,32,33,1,4
486,7,10,28,31,32,8,10
487,1,3,4,11,29,2,4
488,5,14,15,32,34,3,10
489,12,14,19,23,35,2,7
490,4,10,12,28,31,8,11
491,4,22,27,29,31,2,10
492,1,9,10,27,35,6,11
493,9,11,12,26,32,4,10
494,13,19,22,27,28,5,6
495,2,4,16,28,34,5,7
496,3,7,20,33,34,9,10
497,9,10,12,20,30,1,7
498,11,16,21,23,25,2,12
499,5,16,18,19,25,2,7
500,9,18,28,29,35,3,11
501,22,24,26,34,35,6,12
502,4,7,9,10,13,6,12
503,2,3,11,20,25,2,7
504,3,8,10,14,20,4,8
505,10,20,22,29,32,5,10
506,2,5,20,30,35,5,9
507,2,4,6,18,21,5,8
508,3,6,13,28,33,4,11
509,3,19,25,29,35,5,9
510,1,23,25,31,33,1,12
511,5,7,18,27,31,1,8
512,2,7,14,29,32,10,11
513,14,23,25,31,32,1,3
514,1,3,27,30,31,2,11
515,11,17,18,21,27,7,8
516,5,7,10,12,24,7,11
517,8,11,22,27,32,3,7
518,2,3,19,23,34,4,9
519,7,10,17,32,35,5,12
520,3,8,13,17,23,5,11
521,5,18,21,28,32,9,11
522,3,9,21,25,29,1,8
523,4,19,25,30,35,4,7
524,1,18,20,21,26,4,11
525,1,2,3,4,30,3,5
526,7,8,9,15,34,7,8
527,2,16,24,30,32,4,7
528,12,13,18,21,29,2,8
529,2,10,19,33,35,5,6
530,5,6,8,9,15,4,11
531,1,10,13,14,21,9,12
532,10,11,19,21,28,5,12
533,6,8,13,24,28,6,12
534,4,19,21,23,31,4,9
535,1,2,12,13,23,9,12
536,4,13,15,18,29,5,11
537,14,16,18,24,31,1,8
538,8,24,31,33,35,7,10
539,3,22,24,29,34,7,11
540,3,13,15,23,26,1,10
541,24,25,26,28,29,4,12
542,10,12,28,30,34,3,4
543,9,15,17,20,22,10,11
544,3,4,28,31,34,4,11
545,19,20,30,32,33,3,5
546,4,9,23,24,30,8,11
547,4,9,22,28,30,1,10
548,4,21,23,24,30,9,10
549,12,20,23,27,34,1,6
550,1,13,22,25,35,3,4
551,1,9,24,26,34,9,12
552,2,4,7,23,28,2,8
553,5,6,23,28,32,4,5
554,3,6,10,13,18,9,11
555,10,18,19,25,26,4,12
556,19,27,31,32,35,11,12
557,5,16,17,25,34,1,11
558,1,5,11,14,35,9,10
559,4,7,17,18,19,3,10
560,3,21,23,29,32,10,11
561,6,9,24,29,32,2,7
562,1,5,16,19,28,2,10
563,2,8,21,22,29,3,5
564,10,16,25,26,29,1,5
565,2,6,19,25,32,9,12
566,4,7,9,20,25,2,11
567,1,20,22,28,29,5,7
568,1,11,20,21,22,3,4
569,1,12,15,19,22,2,4
570,7,18,19,32,34,2,10
571,15,17,19,32,33,1,3
572,11,17,23,26,27,1,10
573,3,5,8,19,34,1,12
574,5,18,28,33,34,3,4
575,5,17,20,32,33,4,9
576,9,11,13,18,33,2,3
577,2,15,18,21,22,3,10
578,3,4,13,24,33,1,11
579,7,11,18,26,28,4,5
580,3,29,30,32,35,3,8
581,3,15,23,26,32,1,12
582,3,12,18,29,34,3,11
583,1,6,12,26,31,1,7
584,8,15,24,26,27,5,6
585,5,7,13,29,35,3,8
586,2,7,16,20,33,3,11
587,5,7,9,24,32,8,10
588,2,27,30,32,33,1,3
589,14,19,20,25,31,6,8
590,6,7,12,18,23,1,12
591,5,8,17,18,23,4,12
592,5,6,20,31,32,6,12
593,2,14,17,26,34,8,12
594,10,14,20,21,35,2,5
595,6,9,19,26,34,5,7
596,1,4,15,21,22,4,9
597,4,10,19,25,27,6,12
598,9,12,18,23,29,2,4
599,4,15,22,24,32,2,9
600,9,11,22,27,30,9,11
601,4,19,20,24,29,3,4
602,1,12,23,24,29,8,12
603,5,15,21,25,29,5,8
604,2,5,18,19,31,1,9
605,8,9,17,18,24,3,7
606,6,9,17,30,35,10,11
607,7,14,19,22,34,7,12
608,3,7,9,17,28,4,12
609,15,32,33,34,35,3,12
610,3,5,8,29,33,4,8
611,5,6,17,21,29,2,4
612,3,7,9,17,34,4,5
613,1,5,7,16,19,3,12
614,3,6,15,22,35,9,11
615,3,5,6,15,18,3,10
616,5,28,31,34,35,8,9
617,3,14,21,29,35,2,6
618,12,15,18,22,31,1,8
619,9,13,14,25,30,2,5
620,6,11,14,21,31,9,12
621,2,5,14,22,34,3,9
622,5,13,20,21,25,8,9
623,2,12,15,20,34,1,6
624,8,10,21,30,31,2,5
625,1,17,19,32,33,2,11
626,4,5,27,31,34,3,6
627,1,3,4,25,31,6,9
628,2,7,25,30,35,7,12
629,5,11,16,18,35,1,6
630,8,10,11,13,17,8,11
631,7,18,28,31,33,1,2
632,1,3,29,32,34,2,5
633,1,4,11,14,33,5,7
634,6,16,18,26,30,2,3
635,10,16,20,23,32,8,11
636,7,8,19,24,27,6,7
637,10,17,18,32,35,10,11
638,11,15,23,26,30,2,11
639,5,11,12,19,28,5,12
640,1,8,20,27,30,3,4
641,18,21,22,24,29,5,11
642,1,4,6,8,28,8,12
643,10,19,23,25,30,2,4
644,9,15,20,26,31,5,12
645,8,11,13,15,17,3,10
646,14,18,20,21,28,3,6
647,12,16,19,23,24,2,5
648,1,4,24,27,32,3,10
649,19,20,22,30,33,3,9
650,16,29,30,32,33,4,5
651,6,19,20,22,26,1,11
652,3,19,24,28,33,4,12
653,14,17,18,22,29,10,11
654,12,14,17,20,28,2,6
655,9,12,14,22,31,5,8
656,7,9,13,15,19,3,10
657,15,19,32,33,34,9,12
658,4,17,20,23,30,2,3
659,1,8,11,21,35,9,12
660,11,16,17,18,25,2,9
661,6,13,22,25,35,9,12
662,2,17,31,33,34,1,7
663,2,4,6,25,31,5,9
664,4,6,10,23,29,9,11
665,5,6,14,17,26,3,8
666,4,5,13,18,27,3,9
667,13,15,16,32,34,6,11
668,1,4,9,18,33,2,5
669,14,17,22,30,33,7,12
670,6,12,21,26,29,2,11
671,15,22,23,25,34,5,11
672,2,13,14,18,29,3,9
673,2,16,17,30,32,2,9
674,21,22,24,29,34,5,6
675,1,6,14,17,29,1,11
676,6,18,22,23,33,9,11
677,8,17,25,33,34,3,11
678,10,14,19,25,32,2,7
679,10,16,19,20,34,4,5
680,21,23,29,32,35,11,12
681,5,8,12,24,34,7,10
682,2,3,9,17,24,6,12
683,1,15,17,20,26,6,8
684,16,21,24,27,28,4,7
685,2,6,14,23,25,2,10
686,6,7,10,17,23,1,9
687,4,19,24,26,29,4,6
688,3,13,28,30,33,9,10
689,1,7,19,27,34,1,2
690,4,8,15,24,25,2,5
691,5,12,17,30,34,11,12
692,4,5,24,26,35,7,12
693,5,15,21,29,34,6,9
694,4,10,13,18,35,1,2
695,5,6,8,12,22,3,4
696,3,4,9,25,32,2,4
697,8,11,17,25,27,2,4
698,4,6,23,32,33,5,6
699,5,9,20,26,35,2,11
700,5,8,11,28,31,6,7
701,3,5,6,13,22,9,12
702,7,12,14,31,34,9,11
703,7,9,20,31,33,8,10
704,6,16,17,21,29,4,6
705,13,18,25,29,35,3,11
706,8,17,22,24,30,5,11
707,4,7,11,14,21,5,12
708,1,10,18,24,29,7,10
709,1,2,3,12,33,4,9
710,5,14,15,23,25,6,8
711,7,19,20,28,30,4,12
712,21,22,25,29,34,1,11
713,1,9,11,17,28,3,8
714,4,5,13,22,31,5,10
715,4,6,22,27,31,6,7
716,1,6,17,23,26,6,12
717,2,6,7,19,28,11,12
718,12,16,23,29,34,4,11
719,13,21,30,31,35,1,8
720,12,13,16,29,35,5,11
721,7,20,23,29,34,2,10
722,5,6,7,19,23,4,11
723,1,10,12,18,35,1,12
724,1,3,31,32,34,2,7
725,1,4,5,23,28,5,9
726,4,18,19,22,35,1,2
727,6,13,25,28,30,2,7
728,11,23,32,33,34,1,12
729,7,8,19,30,35,8,9
730,17,20,22,30,33,7,8
731,1,5,15,24,26,9,10
732,11,13,16,19,24,6,8
733,6,7,8,28,30,1,2
734,4,13,24,26,29,8,11
735,4,5,13,20,32,1,10
736,1,3,12,14,29,2,6
737,4,5,8,15,20,1,6
738,3,10,20,32,34,4,7
739,2,3,9,21,22,5,10
740,12,15,18,24,29,3,11
741,3,9,14,16,23,2,9
742,4,6,8,19,34,10,12
743,1,4,15,31,34,2,11
744,16,17,20,32,33,3,7
745,10,11,17,30,34,3,12
746,7,22,23,31,32,4,5
747,4,9,22,26,27,2,12
748,7,20,21,23,30,7,10
749,3,25,28,31,34,11,12
750,10,17,22,23,25,7,9
751,2,6,19,24,26,4,6
752,3,21,30,33,35,1,4
753,8,11,31,34,35,1,2
754,1,20,22,23,30,6,7
755,5,14,20,23,29,3,11
756,3,5,6,34,35,3,12
757,4,6,28,33,35,7,12
758,8,12,19,26,30,2,12
759,3,4,12,14,27,1,5
760,8,9,11,20,29,4,5
761,6,8,18,31,33,10,12
762,1,6,8,12,21,5,10
763,8,12,18,19,21,3,6
764,1,14,16,17,18,5,7
765,1,8,14,30,35,6,7
766,2,13,31,33,34,7,11
767,8,13,17,21,22,2,8
768,4,6,8,28,32,7,12
769,7,14,17,28,34,7,10
770,4,6,17,21,30,6,11
771,3,16,17,23,25,7,9
772,3,5,22,25,30,7,9
773,14,15,27,31,32,1,7
774,8,12,15,26,35,1,8
775,1,5,9,33,35,1,5
776,3,8,23,28,29,2,7
777,6,7,18,21,33,3,8
778,15,20,29,30,33,7,12
779,7,14,15,20,27,5,10
780,7,18,29,31,35,5,11
781,9,11,14,16,35,2,5
782,3,8,10,17,31,5,6
783,3,7,17,22,31,8,12
784,1,5,7,11,14,3,8
785,7,14,17,24,27,8,10
786,16,20,24,26,31,4,9
787,8,15,19,20,33,7,12
788,2,9,13,19,23,5,7
789,14,17,19,23,30,2,9
790,5,7,22,26,34,7,12
791,2,8,11,13,19,2,8
792,10,28,29,31,33,5,11
793,1,9,18,22,24,11,12
794,1,2,10,18,35,5,11
795,8,12,22,27,35,5,9
796,2,10,14,15,35,1,9
797,9,15,17,21,23,7,12
798,2,6,22,27,34,8,11
799,2,10,27,28,33,5,7
800,2,15,17,23,28,5,9
801,8,17,19,23,30,3,8
802,10,12,14,31,35,4,5
803,6,21,27,30,34,4,9
804,2,5,9,21,30,6,7
805,4,13,15,30,35,3,5
806,8,14,19,20,33,10,11
807,16,21,23,24,32,7,8
808,7,17,21,29,35,4,5
809,3,4,5,27,33,4,9
810,4,12,17,25,27,4,10
811,2,3,23,29,32,5,9
812,3,19,22,32,34,8,12
813,7,11,25,30,33,2,8
814,1,6,10,20,31,5,11
815,1,9,16,33,34,9,12
816,2,6,8,19,24,1,6
817,12,23,24,27,34,3,6
818,20,22,29,30,35,1,6
819,1,8,16,22,28,4,5
820,3,7,9,15,33,5,12
821,3,5,13,24,34,3,5
822,7,15,26,30,31,3,6
823,17,22,24,25,29,9,12
824,14,18,31,32,35,9,10
825,3,14,15,31,35,9,10
826,5,9,14,20,33,5,12
827,3,14,24,27,29,4,11
828,10,19,21,29,33,4,6
829,20,26,27,29,32,5,12
830,13,18,20,23,31,3,6
831,6,11,13,15,28,2,6
832,2,6,29,30,34,1,7
833,3,6,13,23,24,7,10
834,1,2,11,15,18,4,8
835,4,9,14,25,27,6,11
836,4,18,21,30,35,2,11
837,1,4,9,10,35,9,11
838,1,16,22,29,30,2,9
839,4,11,15,20,26,8,9
840,5,10,13,27,33,8,11
841,11,18,24,28,29,5,10
842,3,10,22,29,32,2,5
843,1,4,10,13,30,3,9
844,6,8,21,24,27,2,10
845,3,21,23,31,35,2,11
846,5,7,11,23,28,3,12
847,2,8,10,15,23,5,10
848,12,13,15,16,28,2,5
849,5,8,10,17,20,2,12
850,5,12,31,34,35,4,5
851,2,5,14,32,35,1,3
852,14,16,17,22,24,2,9
853,6,9,12,15,20,8,11
854,10,20,23,32,35,9,10
855,4,12,17,22,26,6,7
856,7,12,18,25,35,7,9
857,1,7,19,20,30,5,10
858,1,7,22,27,33,2,11
859,4,5,22,29,35,2,11
860,15,16,18,30,35,1,7
861,4,13,18,25,33,3,7
862,4,6,10,12,28,2,8
863,8,11,27,31,33,8,9
864,1,2,13,18,19,8,10
865,4,15,19,27,31,4,11
866,6,7,20,29,32,11,12
867,1,9,24,26,29,6,11
868,9,20,31,33,35,10,11
869,12,14,22,26,30,3,6
870,2,4,15,19,31,2,3
871,1,11,15,26,35,6,11
872,2,3,5,25,32,5,7
873,1,16,20,29,32,4,7
874,14,17,21,23,26,8,11
875,5,20,23,29,32,2,10
876,5,16,20,25,29,6,8
877,1,2,6,15,35,4,7
878,3,7,8,25,30,4,8
879,3,8,14,18,27,1,5
880,11,17,19,20,27,2,3
881,17,25,31,32,34,2,12
882,1,6,23,25,29,3,9
883,10,12,23,30,32,3,4
884,9,11,14,19,30,3,8
885,4,5,8,9,21,3,6
886,2,3,15,17,28,8,10
887,4,6,12,31,32,3,6
888,4,15,27,29,30,2,10
889,11,13,15,26,35,6,11
890,2,4,17,27,28,4,6
891,1,9,15,24,32,5,10
892,1,8,12,16,21,6,11
893,3,7,20,24,31,4,9
894,6,17,20,30,33,10,11
895,7,10,19,24,33,3,7
896,8,12,13,14,16,3,9
897,9,18,24,31,34,2,10
898,1,14,21,29,33,2,10
899,4,5,15,19,28,4,11
900,7,8,16,24,28,3,10
901,2,7,10,22,30,7,11
902,1,6,11,22,31,3,12
903,1,13,16,26,31,7,12
904,3,23,25,28,29,6,7
905,2,11,13,22,30,2,3
906,8,9,15,21,27,5,9
907,16,19,25,30,34,4,9
908,7,9,15,25,34,4,10
909,11,14,15,33,34,3,12
910,6,12,17,18,32,7,12
911,9,15,18,23,32,5,7
912,9,12,14,22,25,5,10
913,9,14,21,27,33,6,9
914,4,16,17,26,27,1,4
915,3,9,12,18,21,2,6
916,8,14,26,34,35,5,10
917,2,3,10,11,29,3,7
918,16,17,25,26,27,2,4
919,2,14,21,27,34,5,8
920,2,7,28,29,30,3,7
921,6,9,11,17,21,6,8
922,5,12,18,20,27,10,12
923,5,15,28,31,34,11,12
924,2,5,15,17,22,1,11
925,5,9,11,15,32,4,9
926,2,3,4,6,16,3,12
927,10,20,21,32,34,6,7
928,14,16,19,25,29,10,12
929,8,15,28,31,33,3,6
930,3,4,10,13,17,5,9
931,14,20,29,30,32,3,8
932,1,9,17,23,24,4,5
933,19,24,26,28,33,1,2
934,1,16,17,22,28,2,9
935,3,19,21,31,34,5,12
936,13,14,26,27,33,10,12
937,1,12,21,27,33,4,9
938,9,26,27,30,34,1,6
939,19,20,21,31,33,9,10
940,4,6,13,16,34,4,10
941,3,9,12,17,18,4,12
942,2,9,11,22,25,1,7
943,2,3,20,31,35,4,8
944,4,10,18,24,27,4,11
945,1,3,7,13,29,2,10
946,4,5,7,13,35,8,11
947,2,8,20,28,31,7,10
948,1,4,6,34,35,2,4
949,6,7,13,14,15,1,4
950,6,7,8,16,22,2,10
951,16,24,25,26,33,4,11
952,7,9,19,23,32,1,3
953,10,14,20,27,30,7,12
954,1,5,7,14,26,4,6
955,6,12,19,26,35,3,10
956,6,11,14,20,30,5,10
957,2,9,15,24,34,3,9
958,8,25,28,29,32,4,7
959,13,19,24,27,29,7,8
960,1,2,11,16,21,1,5
961,6,7,10,20,28,2,7
962,8,9,11,15,22,8,10
963,10,11,22,24,33,2,9
964,1,2,17,23,31,5,12
965,5,7,10,22,26,4,10
966,8,9,22,29,30,8,12
967,16,18,27,31,33,1,3
968,2,20,22,25,29,2,7
969,3,7,12,17,24,2,11
970,1,11,21,23,28,1,10
971,2,9,10,23,35,9,12
972,3,6,7,16,25,1,6
973,12,19,22,31,35,7,8
974,10,16,21,28,31,7,8
975,14,18,20,23,24,4,8
976,22,24,29,30,35,1,10
977,4,8,15,18,26,5,9
978,3,17,22,26,28,3,7
979,6,21,25,27,30,7,11
980,7,21,29,32,33,4,12
981,9,18,19,26,31,2,5
982,7,10,19,30,35,3,5
983,3,9,28,32,33,9,10
984,5,21,22,25,28,3,10
985,11,13,14,15,22,2,8
986,7,10,20,22,27,10,11
987,2,6,8,16,34,3,4
988,6,9,11,12,22,3,11
989,9,11,14,15,26,11,12
990,22,23,24,26,31,5,6
991,11,26,28,29,32,1,4
992,2,8,16,22,24,1,3
993,4,7,10,23,31,3,7
994,7,13,16,17,29,1,7
995,6,7,16,20,34,9,11
996,1,5,13,17,32,4,11
997,8,16,25,29,35,3,10
998,11,15,25,28,35,7,10
999,3,4,6,11,31,5,9
1000,4,13,22,25,30,1,6
1001,2,6,17,30,35,2,7
1002,17,22,26,27,33,6,10
1003,7,10,11,15,17,3,10
1004,2,7,8,14,31,4,8
1005,6,8,30,32,33,3,7
1006,11,14,15,18,19,7,8
1007,3,12,14,18,28,5,6
1008,12,19,27,28,34,1,12
1009,3,14,20,26,32,6,10
1010,8,9,19,27,30,6,7
1011,5,12,17,23,28,2,9
1012,1,8,13,24,32,5,10
1013,5,12,18,24,33,1,5
1014,3,8,26,31,32,8,12
1015,19,21,30,33,35,5,7
1016,2,13,19,26,35,1,5
1017,3,9,10,11,20,7,9
1018,5,9,14,26,34,2,9
1019,2,16,23,24,28,10,11
1020,15,19,22,24,26,10,11
1021,1,21,24,25,35,4,11
1022,1,11,14,18,25,6,10
1023,18,21,25,28,30,4,6
1024,4,17,20,26,29,5,8
1025,1,19,20,25,34,7,12
1026,3,5,7,15,34,1,10
1027,1,7,29,32,34,9,12
1028,2,11,16,22,34,2,5
1029,4,18,20,34,35,7,11
1030,20,26,28,30,35,9,12
1031,2,5,7,11,32,9,12
1032,2,8,12,14,18,4,12
1033,1,3,4,19,32,1,7
1034,3,16,19,23,27,3,7
1035,2,18,31,32,33,5,7
1036,7,22,28,30,32,5,6
1037,2,4,16,22,34,8,11
1038,2,4,6,15,19,2,11
1039,2,9,22,30,34,9,10
1040,12,15,19,23,31,4,10
1041,1,3,28,29,35,8,12
1042,1,9,12,22,25,2,9
1043,3,10,25,26,35,1,7
1044,13,16,18,22,32,8,10
1045,1,4,6,18,33,5,11
1046,4,8,9,13,18,8,12
1047,2,3,23,24,26,5,11
1048,3,14,17,18,33,6,9
1049,6,13,15,24,27,4,5
1050,1,5,26,29,30,2,10
1051,3,16,24,30,33,5,8
1052,2,13,17,19,23,1,6
1053,3,5,14,18,32,2,10
1054,11,16,18,20,29,3,4
1055,9,18,19,22,24,8,11
1056,15,18,20,21,23,1,2
1057,1,2,13,23,35,9,12
1058,5,13,14,21,34,8,10
1059,5,9,11,20,22,5,11
1060,4,10,26,29,32,4,8
1061,7,13,14,28,32,4,11
1062,14,20,23,25,26,10,12
1063,1,7,14,19,20,3,12
1064,9,10,12,17,28,3,11
1065,2,4,8,12,35,1,7
1066,15,21,22,23,33,1,7
1067,16,18,22,25,35,3,10
1068,3,15,20,21,23,7,9
1069,3,7,21,23,31,5,10
1070,6,22,30,31,34,5,6
1071,13,14,24,25,34,4,7
1072,3,8,30,32,34,9,11
1073,2,18,27,30,32,5,11
1074,10,16,18,29,32,2,7
1075,2,3,20,23,28,6,8
1076,2,8,12,29,30,7,12
1077,7,13,20,25,26,8,11
1078,4,7,31,33,35,9,10
1079,6,8,27,29,35,3,9
1080,6,12,13,25,29,11,12
1081,2,7,9,11,28,5,9
1082,18,20,24,33,35,5,10
1083,1,8,18,23,25,8,12
1084,3,5,8,10,25,9,12
1085,17,20,23,25,27,3,10
1086,9,10,20,31,32,6,10
1087,10,15,16,22,28,4,5
1088,9,16,26,31,32,1,5
1089,5,10,19,31,32,9,10
1090,5,7,29,32,35,4,10
1091,6,11,22,27,30,5,11
1092,4,5,7,13,35,5,6
1093,17,19,22,24,30,2,9
1094,4,14,15,22,23,1,7
1095,1,2,7,10,32,4,12
1096,16,22,27,29,31,2,9
1097,5,15,24,29,35,5,6
1098,3,18,23,24,31,3,7
1099,8,14,16,20,31,3,11
1100,7,12,19,31,33,7,12
1101,8,15,33,34,35,1,8
1102,11,17,21,23,34,3,4
1103,4,7,17,24,25,2,4
1104,4,11,17,20,29,6,10
1105,12,22,29,30,34,5,11
1106,7,15,17,25,29,4,11
1107,9,15,22,24,26,2,7
1108,8,10,20,27,33,1,9
1109,12,18,28,29,35,7,8
1110,4,23,26,27,35,10,11
1111,2,3,20,25,34,1,12
1112,2,11,17,27,30,3,4
1113,14,19,21,24,30,2,7
1114,1,7,11,29,30,3,11
1115,10,18,27,28,35,1,6
1116,3,15,17,22,31,3,5
1117,1,2,5,15,35,1,11
1118,6,17,18,30,34,6,12
1119,3,15,18,21,26,1,6
1120,6,10,12,16,30,2,11
1121,22,23,25,27,35,3,11
1122,1,11,23,29,30,1,12
1123,16,21,25,27,35,6,11
1124,5,7,11,15,18,5,12
1125,12,15,21,30,33,2,8
1126,2,5,11,15,20,8,11
1127,7,8,12,20,32,3,5
1128,3,4,8,19,34,2,4
1129,1,2,12,17,29,3,8
1130,9,12,14,28,29,3,10
1131,3,11,14,27,32,5,7
1132,1,7,8,28,29,4,8
1133,2,5,6,9,31,2,9
1134,6,15,27,32,33,3,4
1135,3,14,18,29,35,11,12
1136,3,21,22,23,35,5,9
1137,3,10,20,25,30,10,12
1138,9,10,24,28,29,10,12
1139,5,10,12,15,26,4,8
1140,19,20,27,32,34,6,8
1141,7,11,15,31,32,6,11
1142,4,13,15,29,33,5,9
1143,3,6,10,16,25,10,11
1144,6,10,17,23,24,3,9
1145,1,14,17,30,35,6,7
1146,7,12,22,29,32,11,12
1147,8,9,12,28,34,2,12
1148,5,10,11,23,34,1,10
1149,4,6,13,24,34,4,9
1150,4,6,18,20,30,5,7
1151,1,9,11,27,29,3,11
1152,10,11,13,22,28,4,12
1153,9,20,21,23,29,5,7
1154,4,6,14,24,35,7,12
1155,5,10,20,26,27,1,3
1156,10,18,25,29,33,7,8
1157,11,13,20,28,35,1,5
1158,8,11,14,21,32,3,11
1159,1,4,7,16,35,6,8
1160,15,17,18,29,33,4,8
1161,7,10,19,27,28,9,12
1162,7,11,13,21,33,5,6
1163,1,12,21,24,29,1,7
1164,5,13,20,23,29,8,11
1165,4,5,16,17,30,3,9
1166,9,12,14,18,19,3,9
1167,2,13,21,27,30,3,4
1168,6,7,14,18,22,8,11
1169,6,7,8,9,13,5,7
1170,2,5,9,29,32,3,7
1171,3,9,22,24,25,5,9
1172,6,7,15,25,31,1,9
1173,2,13,15,18,20,2,11
1174,3,20,21,23,35,2,8
1175,3,8,14,21,31,6,8
1176,6,11,25,28,29,4,12
1177,5,15,18,25,31,8,10
1178,1,12,17,26,28,1,6
1179,5,6,18,20,31,6,7
1180,3,8,13,17,24,7,9
1181,4,12,32,33,34,6,8
1182,5,11,15,25,28,5,11
1183,4,13,19,25,26,7,12
1184,2,13,19,23,32,2,9
1185,2,8,10,16,17,9,12
1186,23,26,28,31,34,2,10
1187,12,15,29,30,31,4,12
1188,8,9,15,19,30,6,9
1189,11,23,29,30,33,1,4
1190,11,13,27,33,35,1,2
1191,3,14,16,19,32,5,10
1192,9,10,15,18,30,3,6
1193,4,8,14,23,28,4,8
1194,5,7,18,21,32,10,11
1195,2,9,10,33,34,5,12
1196,15,17,20,24,35,4,12
1197,3,18,19,20,24,3,12
1198,6,14,15,22,26,3,11
1199,1,2,16,23,35,1,11
1200,4,6,11,20,31,1,5
1201,5,16,23,25,33,7,12
1202,13,22,23,30,33,9,11
1203,5,16,29,32,34,4,11
1204,6,17,21,23,33,1,9
1205,19,21,23,28,30,8,12
1206,2,10,20,22,29,5,12
1207,7,12,13,20,27,1,3
1208,7,16,18,32,33,2,7
1209,13,20,26,29,32,2,6
1210,5,10,13,15,18,2,11
1211,7,13,14,18,25,5,12
1212,6,7,12,13,27,3,12
1213,7,13,27,30,34,1,12
1214,2,5,11,27,29,1,11
1215,5,8,13,16,31,3,9
1216,6,12,15,19,26,2,11
1217,4,9,13,15,32,2,9
1218,9,12,24,26,30,5,9
1219,4,11,28,30,33,5,12
1220,2,6,16,29,34,10,11
1221,7,8,13,17,32,3,8
1222,17,19,20,22,26,6,8
1223,3,17,28,30,33,1,10
1224,3,28,33,34,35,6,9
1225,1,5,17,18,26,5,7
1226,7,10,21,27,33,3,9
1227,4,9,28,34,35,2,8
1228,2,26,30,31,33,11,12
1229,6,7,23,24,29,4,11
1230,3,5,8,33,35,1,3
1231,9,12,22,32,34,2,4
1232,9,16,26,29,31,6,9
1233,8,19,23,27,32,3,5
1234,8,22,26,29,35,1,5
1235,26,29,30,32,35,4,10
1236,3,9,25,26,33,3,12
1237,7,9,15,17,23,2,7
1238,6,21,23,27,31,4,6
1239,9,10,17,21,34,1,7
1240,2,7,23,31,33,2,8
1241,24,26,30,32,35,6,12
1242,13,15,16,26,27,9,10
1243,1,11,13,19,35,7,8
1244,6,14,20,24,32,1,7
1245,3,5,23,27,31,2,6
1246,12,27,28,33,35,3,5
1247,13,19,26,27,28,3,11
1248,9,12,18,21,29,1,8
1249,6,12,13,16,30,7,12
1250,10,17,27,34,35,5,7
1251,2,3,5,8,29,10,12
1252,6,7,13,33,34,2,11
1253,9,28,31,34,35,2,9
1254,21,24,26,28,32,1,3
1255,3,5,11,27,28,5,6
1256,1,5,8,9,12,9,12
1257,1,14,18,21,32,5,10
1258,15,25,26,32,35,5,10
1259,3,8,11,24,27,7,12
1260,20,21,27,31,35,7,11
1261,7,15,27,33,35,7,10
1262,11,22,30,32,35,3,4
1263,4,5,22,23,24,3,9
1264,5,8,21,30,32,1,8
1265,13,31,33,34,35,5,7
1266,1,2,10,29,31,1,10
1267,5,8,15,18,33,7,8
1268,14,22,30,32,33,7,8
1269,18,22,25,31,32,4,6
1270,10,11,23,32,33,1,4
1271,12,20,28,30,35,3,11
1272,15,16,19,25,32,5,11
1273,8,11,12,21,25,2,7
1274,7,11,13,18,28,5,10
1275,7,13,25,34,35,7,9
1276,2,6,22,23,33,1,6
1277,3,13,14,15,34,5,8
1278,16,17,22,26,35,3,10
1279,6,23,30,33,35,7,10
1280,1,19,24,25,26,7,9
1281,2,26,31,32,34,6,8
1282,8,12,32,33,35,3,5
1283,5,14,28,32,34,7,8
1284,1,3,11,19,29,4,8
1285,12,18,22,28,31,1,11
1286,12,27,28,33,35,1,8
1287,12,17,18,26,32,10,11
1288,3,5,9,10,28,5,7
1289,5,7,17,25,26,4,10
1290,13,19,28,30,34,8,12
1291,3,12,14,24,35,3,8
1292,2,10,16,30,33,5,6
1293,3,23,25,26,28,10,12
1294,9,12,14,18,24,1,4
1295,5,19,24,26,35,5,7
1296,3,4,13,17,23,3,8
1297,23,24,28,30,33,1,11
1298,6,11,20,31,32,5,9
1299,6,12,17,29,30,7,11
1300,20,23,31,33,34,3,9
1301,11,14,22,29,34,5,11
1302,5,15,19,27,32,8,9
1303,14,15,26,32,33,1,11
1304,5,8,25,29,31,2,4
1305,13,15,29,30,35,1,11
1306,1,14,31,32,34,2,11
1307,1,2,8,15,23,6,9
1308,9,15,17,18,29,9,11
1309,10,17,19,27,29,5,12
1310,2,7,25,29,34,3,6
1311,14,29,32,33,34,3,6
1312,8,20,25,31,32,5,7
1313,18,22,26,28,31,10,12
1314,7,8,12,20,25,3,7
1315,1,16,18,21,31,9,12
1316,4,20,27,31,32,6,12
1317,6,9,11,31,32,5,11
1318,3,26,27,31,32,3,9
1319,8,9,10,13,22,5,10
1320,4,17,26,33,34,2,8
1321,3,19,20,24,33,3,4
1322,2,14,18,24,31,2,3
1323,2,10,23,33,34,5,10
1324,4,16,27,29,34,6,11
1325,2,3,17,19,33,2,9
1326,1,10,13,17,26,6,8
1327,5,22,31,33,35,6,9
1328,11,13,14,21,29,1,10
1329,9,27,29,30,31,3,6
1330,15,19,29,34,35,7,10
1331,3,11,19,23,34,2,12
1332,7,17,27,28,29,9,10
1333,9,10,12,22,25,4,11
1334,13,17,27,31,33,6,12
1335,3,12,20,21,27,1,6
1336,2,23,29,30,31,1,4
1337,3,5,17,18,33,6,7
1338,1,6,18,32,35,2,7
1339,5,7,13,29,30,1,5
1340,5,8,21,25,33,1,11
1341,2,16,18,27,30,8,12
1342,14,19,23,29,30,6,7
1343,1,7,21,28,31,3,9
1344,9,10,19,30,31,4,11
1345,12,13,14,25,35,10,12
1346,13,14,21,28,29,5,10
1347,6,14,17,22,35,1,2
1348,7,11,19,20,35,5,10
1349,5,8,18,30,33,1,9
1350,23,24,25,29,31,3,12
1351,7,18,20,29,30,5,6
1352,2,10,21,23,29,3,4
1353,5,6,9,19,32,6,9
1354,5,17,25,30,33,1,12
1355,1,12,18,21,33,7,8
1356,1,11,18,20,22,7,10
1357,1,6,13,19,23,6,9
1358,3,6,21,33,35,1,7
1359,3,10,22,27,29,3,12
1360,1,2,28,31,35,5,7
1361,1,24,25,30,33,4,11
1362,1,11,17,19,26,5,12
1363,1,22,30,32,35,9,11
1364,6,7,12,24,35,2,6
1365,4,7,9,22,33,1,3
1366,15,23,25,29,31,9,10
1367,5,6,14,15,31,6,8
1368,16,18,24,25,27,4,9
1369,2,9,18,23,24,1,4
1370,2,4,6,13,35,4,8
1371,2,5,8,9,31,3,7
1372,7,9,13,19,27,1,3
1373,12,18,24,25,32,2,12
1374,2,11,28,29,30,6,12
1375,9,17,24,29,32,1,2
1376,5,10,19,24,35,8,9
1377,6,9,22,27,30,8,12
1378,2,14,23,32,35,1,10
1379,2,16,21,31,33,4,11
1380,8,9,23,25,31,2,12
1381,3,10,28,31,33,1,9
1382,2,21,27,29,33,2,10
1383,6,12,21,29,32,6,11
1384,13,17,24,30,35,2,10
1385,1,6,7,21,31,4,11
1386,3,20,25,29,32,5,10
1387,7,18,29,31,33,10,12
1388,21,24,27,29,31,1,2
1389,16,19,28,29,31,5,8
1390,2,4,9,10,15,8,10
1391,10,16,17,30,35,1,8
1392,11,12,14,25,28,2,5
1393,1,5,25,32,33,1,10
1394,1,2,23,25,35,5,12
1395,10,30,32,33,34,2,3
1396,2,14,16,22,24,2,5
1397,7,9,10,18,22,5,10
1398,10,22,23,30,32,1,7
1399,18,23,29,33,34,2,7
1400,4,8,17,22,25,4,10
1401,13,23,29,31,34,6,8
1402,9,22,23,32,34,6,8
1403,2,4,22,25,34,2,11
1404,1,21,31,32,35,3,6
1405,20,22,27,30,33,1,2
1406,1,20,25,29,33,4,6
1407,10,22,28,29,34,5,11
1408,9,12,13,15,30,9,10
1409,11,25,26,29,35,1,2
1410,21,32,33,34,35,8,9
1411,5,10,14,27,33,7,9
1412,2,16,21,24,30,6,10
1413,9,13,19,21,27,3,4
1414,13,21,29,31,35,4,12
1415,1,2,14,33,34,3,5
1416,11,21,23,26,34,7,9
1417,7,22,26,32,33,1,8
1418,1,16,18,27,30,10,11
1419,11,12,26,28,31,7,12
1420,10,20,26,31,33,10,12
1421,1,2,17,18,33,5,12
1422,13,17,22,28,29,1,10
1423,9,18,22,27,31,10,12
1424,6,9,26,30,35,5,6
1425,5,7,17,30,34,3,10
1426,4,8,19,23,27,4,11
1427,5,11,17,20,28,11,12
1428,3,4,14,32,35,1,2
1429,1,6,25,31,34,3,9
1430,7,24,27,28,35,7,12
1431,1,2,13,22,23,2,10
1432,2,13,23,28,29,1,5
1433,15,21,22,24,35,1,5
1434,11,23,25,31,35,1,3
1435,9,13,27,31,35,3,10
1436,1,9,20,30,31,8,12
1437,1,4,30,32,35,8,12
1438,1,8,15,16,29,8,9
1439,8,13,19,27,32,1,8
1440,7,8,16,26,34,7,11
1441,19,21,23,25,30,3,8
1442,3,21,22,26,32,1,3
1443,4,7,8,18,29,7,10
1444,10,12,15,33,34,3,10
1445,3,10,11,22,31,5,7
1446,10,11,22,23,29,2,9
1447,1,2,5,12,27,4,7
1448,3,11,17,21,30,3,7
1449,7,9,17,29,35,9,10
1450,7,12,20,33,35,1,10
1451,10,15,21,31,34,7,8
1452,12,14,27,29,34,3,6
1453,7,9,17,30,34,1,12
1454,3,10,14,29,31,4,8
1455,6,11,22,29,34,3,12
1456,5,14,20,29,31,8,12
1457,12,13,24,26,33,6,8
1458,10,14,24,30,32,1,12
1459,7,8,11,12,24,1,2
1460,6,18,22,30,35,2,7
1461,5,19,22,29,30,2,4
1462,25,26,29,32,34,5,7
1463,6,14,20,29,35,9,10
1464,6,8,30,31,32,1,11
1465,4,5,13,17,25,7,10
1466,3,20,22,25,27,1,9
1467,1,2,29,31,33,7,12
1468,10,11,22,31,32,6,7
1469,16,22,24,33,34,3,10
1470,3,11,14,26,29,7,8
1471,7,27,28,32,33,1,12
1472,4,12,16,20,28,8,11
1473,6,22,29,30,35,3,5
1474,1,4,6,21,35,2,11
1475,7,11,14,20,27,3,10
1476,13,22,30,33,34,6,12
1477,2,7,12,29,31,3,5
1478,7,10,11,26,31,3,4
1479,1,15,16,27,28,2,7
1480,9,13,19,29,34,2,11
1481,7,15,19,24,29,4,6
1482,7,18,24,28,33,2,3
1483,8,9,12,25,33,7,10
1484,4,26,30,33,34,4,6
1485,2,11,19,22,35,10,12
1486,1,12,32,33,34,9,11
1487,4,6,10,15,16,3,4
1488,17,23,26,30,32,6,12
1489,2,15,18,23,31,1,2
1490,8,9,11,19,33,3,12
1491,6,22,29,33,35,3,12
1492,1,10,12,14,17,9,10
1493,4,11,23,26,35,3,12
1494,12,14,16,19,33,2,9
1495,3,5,12,18,33,7,11
1496,8,9,13,23,35,11,12
1497,1,7,13,18,23,4,8
1498,3,4,6,11,13,1,2
1499,1,11,22,26,29,5,8
1500,7,17,29,30,33,10,12
1501,7,10,27,34,35,10,12
1502,8,12,14,20,25,6,8
1503,10,14,18,19,35,1,6
1504,3,8,23,24,34,5,12
1505,2,3,30,31,33,3,9
1506,20,25,26,30,31,9,10
1507,4,15,20,26,31,6,12
1508,4,7,11,32,35,5,7
1509,10,12,28,32,33,3,5
1510,10,15,18,19,26,7,12
1511,17,26,30,31,35,6,11
1512,6,8,17,27,35,2,11
1513,4,5,7,10,12,4,5
1514,6,17,28,32,33,8,12
1515,2,11,13,23,31,11,12
1516,30,31,33,34,35,4,7
1517,1,11,12,22,34,8,10
1518,7,15,18,24,28,1,7
1519,2,6,18,30,32,1,8
1520,1,9,29,30,35,5,9
1521,2,11,26,32,33,5,12
1522,7,19,27,28,34,2,5
1523,3,4,26,29,34,1,3
1524,19,24,28,31,34,4,12
1525,5,12,20,28,30,3,7
1526,8,11,13,28,33,8,9
1527,2,6,9,12,20,5,8
1528,6,7,28,33,35,1,10
1529,4,19,28,31,33,11,12
1530,3,8,20,24,25,1,2
1531,9,12,17,19,29,6,11
1532,11,21,22,32,34,4,8
1533,4,6,8,19,31,10,11
1534,10,17,19,32,33,1,12
1535,11,17,23,29,30,6,8
1536,2,4,29,30,34,5,8
1537,5,6,23,27,34,3,4
1538,20,21,27,29,35,3,8
1539,6,13,20,25,34,7,9
1540,4,5,6,9,15,1,6
1541,2,17,19,21,22,3,10
1542,14,29,31,34,35,1,12
1543,6,8,18,20,24,4,8
1544,7,20,25,30,32,5,9
1545,4,13,20,21,35,2,9
1546,5,12,30,31,32,1,3
1547,1,3,23,30,31,2,10
1548,4,9,16,27,30,2,6
1549,5,8,19,33,34,1,12
1550,18,23,25,29,30,1,2
1551,6,9,20,23,28,6,10
1552,7,16,23,28,31,3,6
1553,13,19,20,22,33,5,11
1554,3,11,13,20,35,3,8
1555,27,31,33,34,35,4,6
1556,9,19,22,29,30,2,8
1557,3,5,28,29,33,4,12
1558,1,13,16,18,32,7,9
1559,10,17,22,24,32,3,10
1560,6,13,18,20,33,9,10
1561,3,11,14,25,34,1,4
1562,1,6,27,30,34,1,6
1563,10,17,18,26,32,1,5
1564,6,10,17,20,21,3,7
1565,6,7,16,18,20,4,10
1566,3,25,29,32,34,9,10
1567,9,16,21,29,34,7,10
1568,1,9,27,32,33,3,6
1569,7,11,30,31,34,9,12
1570,3,5,29,30,31,8,10
1571,1,7,31,32,35,2,10
1572,5,9,16,26,35,3,10
1573,3,16,28,31,32,1,9
1574,13,24,31,32,33,3,9
1575,6,8,12,17,18,5,10
1576,4,7,29,32,33,8,10
1577,5,6,10,22,25,1,9
1578,13,17,25,27,28,2,3
1579,2,15,22,33,35,5,8
1580,9,15,16,19,29,4,6
1581,13,21,22,29,31,7,11
1582,11,21,24,26,31,6,7
1583,2,8,23,33,35,5,10
1584,6,9,18,30,32,10,12
1585,4,5,11,13,25,3,6
1586,3,7,15,18,20,1,6
1587,1,11,14,22,34,6,8
1588,7,9,11,13,33,10,12
1589,1,12,14,22,24,10,12
1590,3,18,29,30,33,8,9
1591,3,4,13,15,32,4,9
1592,3,6,9,17,27,3,9
1593,3,19,24,29,33,3,9
1594,7,16,23,31,33,3,10
1595,12,17,19,22,35,4,11
1596,15,19,25,30,33,3,8
1597,3,9,17,24,28,6,12
1598,1,2,13,17,28,1,4
1599,5,14,25,34,35,2,5
1600,1,9,15,20,29,7,9
1601,8,9,25,28,29,2,10
1602,12,15,16,20,33,8,12
1603,5,13,16,18,24,2,12
1604,9,14,24,25,34,1,4
1605,1,9,13,17,30,2,8
1606,9,12,19,22,28,1,5
1607,8,21,23,27,33,6,11
1608,16,22,24,32,34,2,10
1609,16,19,24,26,31,2,4
1610,15,20,30,33,35,6,9
1611,8,18,19,22,23,1,3
1612,2,14,20,21,24,2,9
1613,5,8,14,28,30,4,6
1614,3,12,19,25,30,8,11
1615,2,17,23,24,30,2,9
1616,4,8,10,14,27,5,7
1617,9,10,11,14,24,3,8
1618,1,23,26,27,30,5,6
1619,14,24,32,33,35,2,9
1620,2,8,16,26,35,11,12
1621,1,7,25,27,30,7,12
1622,7,8,10,23,25,7,9
1623,1,24,27,30,31,1,6
1624,11,13,27,28,29,2,6
1625,7,8,15,32,34,5,12
1626,6,7,16,24,35,4,6
1627,2,5,18,22,23,7,12
1628,1,10,32,33,35,3,8
1629,5,24,28,29,35,1,9
1630,5,22,24,25,30,1,6
1631,3,4,8,10,35,2,6
1632,1,15,19,21,23,11,12
1633,14,17,30,31,34,4,10
1634,18,19,27,28,33,3,6
1635,2,11,16,22,31,10,11
1636,10,16,18,22,27,6,8
1637,10,11,19,21,27,4,6
1638,5,11,17,23,33,3,10
1639,6,18,20,30,31,3,6
1640,3,13,16,19,29,7,9
1641,8,12,14,19,27,5,6
1642,22,27,28,33,35,9,11
1643,3,13,18,30,33,7,8
1644,14,17,19,26,32,3,4
1645,9,12,13,19,30,4,5
1646,11,16,17,21,22,3,6
1647,18,21,23,25,29,6,11
1648,10,15,22,28,29,4,12
1649,5,6,9,10,34,8,11
1650,14,15,24,25,26,3,7
1651,6,17,19,29,35,2,8
1652,3,22,24,30,33,4,10
1653,3,5,9,13,33,5,11
1654,1,7,9,14,19,9,12
1655,1,9,27,29,34,1,6
1656,18,20,30,32,33,1,11
1657,5,6,11,13,26,2,7
1658,21,22,31,32,34,2,12
1659,8,10,18,34,35,6,10
1660,5,13,14,23,26,2,3
1661,19,22,23,29,35,8,10
1662,4,6,21,27,34,5,9
1663,14,22,27,28,35,4,10
1664,5,7,10,15,32,3,8
1665,3,7,22,25,35,3,11
1666,5,16,22,23,32,4,10
1667,14,15,18,34,35,8,10
1668,3,6,13,14,29,1,2
1669,21,29,30,33,35,7,11
1670,1,2,8,11,25,10,12
1671,1,10,13,19,34,9,12
1672,14,17,22,27,34,3,5
1673,5,27,28,29,34,9,12
1674,5,17,26,27,35,8,9
1675,14,25,30,32,33,1,11
1676,10,14,29,30,35,5,8
1677,4,15,19,24,35,1,10
1678,11,15,22,27,35,5,8
1679,19,20,30,33,35,6,8
1680,3,11,17,21,30,1,8
1681,2,3,12,13,25,1,7
1682,9,17,21,28,29,2,8
1683,4,9,24,30,35,1,10
1684,12,14,16,19,25,1,6
1685,20,32,33,34,35,6,7
1686,2,4,9,28,29,5,8
1687,2,15,29,30,34,2,12
1688,6,10,23,26,31,5,7
1689,8,24,26,31,32,7,9
1690,4,10,13,18,23,8,10
1691,3,5,14,30,35,3,6
1692,1,12,20,21,24,2,8
1693,1,2,12,19,35,5,7
1694,2,10,16,18,34,2,3
1695,3,13,14,22,26,2,5
1696,7,11,21,22,35,4,7
1697,5,8,24,29,30,4,6
1698,14,18,20,24,27,5,10
1699,8,19,27,29,34,4,10
1700,1,4,21,22,24,2,5
1701,2,3,15,28,35,1,11
1702,6,7,9,17,24,2,12
1703,9,12,16,19,35,2,12
1704,10,12,17,23,27,5,7
1705,3,7,20,27,32,2,12
1706,4,9,11,30,32,1,11
1707,5,10,17,23,25,3,10
1708,7,12,26,30,32,2,7
1709,5,14,23,25,28,11,12
1710,6,17,18,25,29,8,9
1711,11,17,19,20,34,6,10
1712,1,11,19,30,32,3,10
1713,15,21,22,24,27,1,6
1714,5,8,13,14,32,8,11
1715,7,10,12,20,21,6,9
1716,7,14,16,30,31,3,6
1717,6,7,18,30,31,7,8
1718,5,12,14,17,22,5,7
1719,10,13,22,33,34,1,5
1720,6,10,14,25,34,1,3
1721,6,15,17,19,30,1,12
1722,15,17,24,32,35,7,9
1723,5,9,23,25,30,9,12
1724,13,14,17,27,32,2,10
1725,12,25,29,30,33,10,11
1726,9,19,22,26,34,9,11
1727,4,6,25,29,32,5,6
1728,6,10,20,24,32,6,10
1729,7,8,15,30,35,5,10
1730,1,25,29,31,33,4,10
1731,2,3,10,12,25,3,9
1732,4,8,11,30,31,2,8
1733,2,15,19,26,27,5,6
1734,8,17,18,20,28,9,10
1735,6,21,24,28,30,2,7
1736,5,8,10,33,35,2,10
1737,1,5,19,34,35,6,7
1738,16,22,28,29,34,4,12
1739,13,20,26,31,35,2,11
1740,7,19,26,28,32,1,8
1741,8,10,25,29,33,1,2
1742,19,21,26,34,35,1,9
1743,19,25,28,31,33,1,8
1744,14,16,20,31,34,1,7
1745,1,6,19,25,26,3,9
1746,12,19,28,29,30,5,8
1747,13,16,23,24,33,7,11
1748,5,13,16,17,35,6,8
1749,10,12,19,32,35,2,7
1750,21,22,33,34,35,3,4
1751,1,2,7,20,35,1,3
1752,5,23,26,32,34,2,9
1753,5,23,25,31,35,7,10
1754,9,11,13,14,25,1,7
1755,3,14,19,24,25,4,11
1756,11,13,29,32,33,2,8
1757,2,11,13,14,25,2,5
1758,11,20,23,24,25,7,9
1759,8,18,26,32,33,1,6
1760,3,11,19,26,27,2,9
1761,3,10,26,32,33,4,12
1762,13,21,23,27,34,9,12
1763,10,12,20,23,32,4,10
1764,3,10,14,18,28,8,10
1765,18,19,30,33,35,2,4
1766,18,21,22,26,34,9,12
1767,20,24,30,31,33,5,12
1768,2,3,11,27,32,8,11
1769,15,22,24,32,35,2,9
1770,2,5,13,27,32,3,11
1771,11,23,25,31,32,5,11
1772,7,23,26,29,32,8,11
1773,3,13,19,30,34,2,5
1774,4,17,19,22,30,2,3
1775,3,6,21,24,34,4,6
1776,5,14,23,27,30,2,8
1777,4,23,25,26,30,7,10
1778,2,6,7,12,27,2,8
1779,21,22,30,32,34,3,7
1780,1,23,29,30,32,7,12
1781,3,8,14,30,31,4,9
1782,4,11,18,25,34,5,7
1783,1,3,10,12,20,2,7
1784,2,4,13,14,33,1,9
1785,6,12,18,22,29,5,8
1786,11,17,23,24,25,3,6
1787,5,11,14,22,35,3,10
1788,18,26,32,33,34,4,6
1789,1,9,10,11,22,1,12
1790,5,6,13,24,31,3,11
1791,13,14,21,30,33,2,8
1792,7,8,19,26,30,1,12
1793,14,16,20,22,32,5,9
1794,3,4,14,28,32,9,10
1795,12,28,29,30,34,1,9
1796,7,13,23,24,29,6,10
1797,6,8,15,20,32,5,6
1798,2,16,19,28,33,7,11
1799,1,8,24,27,34,10,11
1800,2,10,12,15,28,4,7
1801,2,3,8,33,34,3,11
1802,9,14,25,32,34,2,8
1803,2,10,18,32,33,3,8
1804,6,21,28,32,34,4,7
1805,5,9,27,32,34,5,8
1806,14,23,27,28,33,8,12
1807,8,20,23,29,31,2,11
1808,1,3,14,32,35,7,11
1809,10,21,28,29,32,6,10
1810,1,2,11,31,33,5,6
1811,4,5,8,11,22,2,10
1812,11,23,27,28,32,2,5
1813,3,12,22,23,28,4,12
1814,10,17,18,21,34,5,11
1815,7,21,29,31,33,9,10
1816,12,15,23,30,33,9,12
1817,1,2,6,8,26,5,12
1818,2,8,25,29,33,3,7
1819,3,4,10,18,27,6,8
1820,2,8,12,34,35,4,5
1821,4,11,13,19,35,10,12
1822,22,28,30,31,34,7,9
1823,2,11,13,26,35,6,10
1824,1,9,14,29,30,7,10
1825,11,12,33,34,35,1,10
1826,11,21,22,25,34,6,9
1827,1,25,26,34,35,6,11
1828,15,25,29,32,33,10,11
1829,16,20,28,32,33,1,2
1830,11,13,29,32,35,10,12
1831,2,10,14,22,26,4,9
1832,16,20,25,29,33,1,8
1833,3,9,21,23,33,6,10
1834,11,17,19,25,26,2,10
1835,6,13,14,22,25,1,4
1836,7,12,28,32,33,1,3
1837,8,18,24,30,33,1,6
1838,1,5,21,23,29,5,12
1839,7,9,22,30,33,9,11
1840,10,21,22,27,29,8,12
1841,1,5,17,32,34,3,7
1842,18,25,30,33,34,4,10
1843,3,6,11,19,27,2,7
1844,13,16,27,32,34,3,9
1845,10,24,28,30,33,1,10
1846,1,2,7,26,29,10,12
1847,6,13,27,33,34,9,12
1848,5,9,19,26,35,2,10
1849,2,5,28,34,35,1,7
1850,5,11,26,29,32,8,11
1851,2,15,20,25,33,3,6
1852,7,16,19,29,35,2,11
1853,1,2,7,13,34,4,10
1854,11,23,26,31,34,5,11
1855,7,20,28,32,34,6,8
1856,3,9,11,18,24,4,5
1857,1,7,11,32,33,9,11
1858,15,17,19,23,32,1,11
1859,1,10,19,21,30,1,4
1860,23,26,29,32,33,5,10
1861,4,20,29,30,33,2,11
1862,10,21,24,30,31,3,10
1863,14,16,27,30,33,8,12
1864,2,12,15,20,28,1,12
1865,3,6,25,28,32,2,5
1866,1,8,19,24,31,6,12
1867,1,12,24,27,32,2,11
1868,6,10,11,17,34,11,12
1869,5,6,18,21,22,1,7
1870,4,22,23,29,31,5,11
1871,2,10,21,26,34,2,10
1872,18,28,29,30,31,4,8
1873,2,13,14,29,33,4,11
1874,8,10,14,27,32,2,7
1875,6,15,22,27,30,2,9
1876,4,13,17,32,35,3,6
1877,5,8,14,23,24,5,6
1878,2,12,19,29,30,7,12
1879,5,9,24,31,33,5,6
1880,23,24,30,34,35,1,3
1881,3,11,22,26,29,5,12
1882,5,15,28,32,33,8,9
1883,5,16,28,29,34,11,12
1884,5,6,22,25,27,11,12
1885,13,18,21,24,29,3,6
1886,1,9,24,34,35,4,9
1887,1,9,14,24,35,6,9
1888,1,7,18,29,34,3,9
1889,5,21,22,32,35,2,5
1890,11,24,25,26,31,2,7
1891,5,9,20,23,29,4,10
1892,3,16,30,32,33,1,10
1893,1,3,7,10,33,3,4
1894,6,17,20,29,32,4,5
1895,17,18,19,25,31,1,11
1896,2,12,26,31,33,9,10
1897,3,7,9,28,33,3,8
1898,5,19,31,32,35,4,9
1899,2,8,18,21,32,8,11
1900,4,12,20,26,29,6,10
1901,7,11,19,21,22,1,11
1902,1,7,27,30,32,1,4
1903,3,4,13,17,24,4,11
1904,6,20,30,32,35,9,11
1905,3,22,26,33,34,9,10
1906,24,30,31,32,34,10,12
1907,3,17,22,23,33,4,10
1908,29,31,32,33,35,10,11
1909,15,17,21,27,33,7,11
1910,12,14,17,34,35,4,11
1911,1,15,31,32,34,3,8
1912,5,16,18,32,35,2,11
1913,4,29,31,32,35,4,10
1914,1,6,13,28,29,3,9
1915,5,11,23,26,33,4,12
1916,10,11,20,26,27,9,11
1917,1,5,10,16,27,3,4
1918,8,14,15,25,26,7,9
1919,5,24,26,30,35,5,12
1920,2,5,20,25,31,10,12
1921,2,11,13,14,21,2,4
1922,2,9,12,21,29,7,11
1923,12,18,23,26,32,6,9
1924,4,17,21,29,31,2,12
1925,6,14,15,29,35,6,11
1926,2,4,22,31,35,9,12
1927,10,11,15,31,32,5,8
1928,1,3,22,32,35,6,10
1929,16,18,23,30,32,2,11
1930,1,4,7,12,30,5,10
1931,1,15,23,27,30,4,10
1932,5,7,10,29,32,4,6
1933,2,4,6,25,26,2,5
1934,3,5,14,20,33,7,11
1935,7,10,27,31,34,8,9
1936,1,9,10,15,25,3,8
1937,2,5,6,27,29,3,4
1938,3,7,20,33,35,4,7
1939,16,18,19,24,35,11,12
1940,9,23,24,26,33,7,12
1941,5,16,27,29,30,5,11
1942,10,19,27,28,33,5,12
1943,1,2,22,29,32,1,4
1944,6,18,21,30,35,8,9
1945,9,15,18,30,34,4,5
1946,2,9,11,29,32,8,9
1947,1,6,10,14,22,6,8
1948,4,5,18,22,35,7,8
1949,1,10,25,32,35,5,9
1950,3,28,29,32,34,1,6
1951,7,22,25,29,33,1,12
1952,11,13,15,28,35,8,10
1953,10,12,15,33,35,3,9
1954,6,14,24,27,29,5,9
1955,8,9,12,21,32,7,11
1956,3,5,22,29,34,7,12
1957,13,16,20,25,27,4,5
1958,12,15,23,24,25,10,11
1959,8,21,22,31,33,1,7
1960,9,29,32,34,35,1,8
1961,1,4,28,33,34,6,11
1962,2,10,13,29,33,6,10
1963,1,6,12,28,31,8,9
1964,3,6,12,20,29,9,12
1965,11,23,24,32,35,4,10
1966,21,23,24,25,32,3,4
1967,1,2,10,19,27,1,11
1968,6,9,19,25,30,6,12
1969,13,23,24,25,30,2,8
1970,6,8,15,24,31,1,3
1971,7,9,19,21,33,7,10
1972,2,3,22,27,31,6,7
1973,11,14,17,19,22,1,8
1974,4,18,26,32,33,5,8
1975,2,11,12,14,19,5,9
1976,5,16,25,27,33,4,9
1977,1,10,18,28,34,5,8
1978,11,16,24,29,32,9,11
1979,1,2,13,15,16,4,9
1980,3,5,21,28,33,2,6
1981,12,21,22,26,35,4,5
1982,7,8,10,24,34,8,11
1983,2,11,22,30,34,4,9
1984,5,25,26,29,35,3,10
1985,10,13,23,31,33,4,11
1986,12,20,26,29,30,2,6
1987,3,18,23,25,30,6,10
1988,7,10,22,27,33,4,8
1989,1,10,31,33,35,3,10
1990,6,7,12,25,28,2,12
1991,3,4,11,21,25,1,7
1992,7,12,19,27,34,11,12
1993,6,7,10,24,30,5,8
1994,3,23,26,32,34,4,9
1995,9,13,19,22,25,4,10
1996,4,11,18,33,34,2,6
1997,8,13,24,32,33,3,9
1998,7,11,19,27,31,2,3
1999,14,22,32,33,35,1,5
2000,1,6,10,22,35,3,7
2001,3,7,13,15,19,2,10
2002,2,17,20,22,25,5,11
2003,6,14,15,30,31,3,10
2004,15,19,29,33,35,1,2
2005,7,8,20,22,29,4,7
2006,6,9,29,31,33,5,11
2007,20,23,26,32,33,5,12
2008,8,17,20,28,31,7,11
2009,1,8,21,33,34,5,7
2010,3,5,10,27,34,1,12
2011,1,10,13,30,33,6,7
2012,10,13,22,31,35,4,12
2013,2,5,6,7,31,8,10
2014,10,25,32,33,34,3,9
2015,1,5,11,14,25,1,9
2016,9,17,18,21,31,1,5
2017,5,13,16,29,33,6,8
2018,6,9,11,33,34,6,10
2019,3,10,14,15,22,4,7
2020,2,7,21,22,25,4,12
2021,19,22,23,25,32,6,12
2022,14,18,24,27,31,6,7
2023,7,11,24,30,35,6,8
2024,1,15,27,28,29,3,10
2025,7,10,14,19,32,3,6
2026,3,13,17,23,30,1,11
2027,7,13,21,25,31,8,10
2028,3,9,11,29,33,3,12
2029,5,8,9,17,33,5,6
2030,15,19,25,30,31,3,9
2031,2,14,28,30,35,4,12
2032,5,14,23,31,35,2,6
2033,1,13,21,23,32,3,6
2034,3,18,19,30,35,5,9
2035,1,7,9,11,33,3,11
2036,1,5,11,26,27,3,7
2037,1,11,14,28,30,3,10
2038,1,13,22,25,27,2,10
2039,12,18,22,23,30,6,12
2040,11,25,26,27,35,7,8
2041,14,32,33,34,35,2,4
2042,2,21,23,27,32,10,11
2043,5,8,10,31,33,2,4
2044,5,10,13,32,35,4,5
2045,7,17,21,22,28,5,10
2046,4,8,19,22,29,8,11
2047,7,11,15,27,35,4,7
2048,12,13,19,32,33,2,10
2049,11,20,24,31,35,4,10
2050,9,19,22,30,32,1,10
2051,2,12,13,29,30,5,7
2052,6,7,18,34,35,5,10
2053,3,10,21,23,30,1,9
2054,3,9,19,27,33,9,10
2055,14,20,23,27,28,2,4
2056,3,21,23,26,35,5,8
2057,6,11,18,29,30,4,11
2058,3,11,17,19,26,7,12
2059,5,17,23,31,32,4,8
2060,1,21,22,24,25,8,10
2061,6,10,12,15,28,4,12
2062,8,12,17,20,30,1,2
2063,6,26,31,32,34,7,10
2064,9,12,13,25,31,8,10
2065,5,10,13,21,24,4,9
2066,4,5,15,17,33,4,8
2067,8,24,25,29,31,4,5
2068,3,6,7,11,30,2,3
2069,2,14,25,29,32,1,6
2070,8,10,11,17,19,6,9
2071,9,18,20,27,33,6,9
2072,4,7,10,28,34,1,6
2073,1,11,19,22,35,5,9
2074,2,10,29,32,35,2,3
2075,14,20,22,24,27,7,10
2076,6,23,24,27,29,6,8
2077,4,8,12,24,30,5,8
2078,2,6,8,17,32,8,9
2079,3,4,5,12,28,3,12
2080,10,12,26,29,34,5,7
2081,18,25,29,31,34,9,10
2082,9,22,24,31,33,8,9
2083,1,11,13,32,35,2,7
2084,1,12,24,31,32,10,12
2085,1,2,11,34,35,3,10
2086,6,8,16,25,27,8,12
2087,6,19,27,28,29,6,10
2088,7,12,26,31,32,3,8
2089,4,20,24,31,33,9,12
2090,8,13,24,30,34,1,12
2091,17,18,21,23,33,6,10
2092,8,18,30,31,33,4,9
2093,14,18,19,26,28,3,9
2094,17,24,28,29,33,2,5
2095,5,11,18,29,34,10,11
2096,1,5,20,21,24,3,4
2097,3,5,14,33,34,7,8
2098,6,18,20,22,35,4,9
2099,1,15,20,25,27,5,10
2100,6,9,25,26,31,2,8
2101,9,12,14,22,23,1,2
2102,4,6,12,13,24,1,4
2103,2,9,12,15,31,9,10
2104,5,11,20,30,32,7,11
2105,16,17,23,24,31,5,10
2106,4,5,9,12,23,2,11
2107,21,24,26,27,33,1,5
2108,10,22,32,33,35,1,7
2109,7,26,29,30,35,3,4
2110,2,13,16,21,35,1,5
2111,4,9,13,14,33,6,10
2112,11,18,25,30,31,4,9
2113,4,7,8,19,24,7,12
2114,19,20,24,29,31,9,10
2115,2,16,32,33,35,5,10
2116,10,31,33,34,35,7,12
2117,1,4,10,14,29,11,12
2118,2,10,19,28,29,2,9
2119,12,13,29,30,31,4,7
2120,4,15,23,31,33,3,9
2121,8,21,25,28,33,2,6
2122,14,16,30,32,35,6,7
2123,4,11,17,20,21,5,9
2124,10,16,24,31,33,7,10
2125,4,10,19,29,34,3,6
2126,11,16,19,21,25,1,10
2127,1,14,29,32,33,5,10
2128,3,7,24,28,35,8,11
2129,13,21,22,30,35,1,11
2130,9,10,15,17,32,4,6
2131,8,25,26,29,35,6,8
2132,1,6,15,19,35,2,9
2133,4,16,18,23,30,1,10
2134,9,16,20,26,35,11,12
2135,4,5,7,12,26,1,10
2136,4,9,22,24,31,2,6
2137,7,10,22,31,35,5,6
2138,3,16,17,22,35,1,8
2139,5,21,25,28,35,1,4
2140,10,11,20,21,35,7,11
2141,6,21,25,27,32,8,9
2142,1,6,7,17,31,11,12
2143,15,18,21,27,34,1,2
2144,7,11,16,31,32,1,12
2145,6,8,11,13,22,2,11
2146,1,5,8,14,22,3,12
2147,1,13,21,23,32,4,11
2148,3,21,27,31,32,6,8
2149,11,14,27,33,35,2,7
2150,15,22,25,29,35,9,11
2151,20,26,30,34,35,3,10
2152,2,3,10,19,27,6,10
2153,5,9,13,33,35,1,8
2154,22,24,26,27,34,2,10
2155,6,16,20,25,31,4,9
2156,8,10,23,32,34,8,10
2157,8,10,12,23,25,3,10
2158,2,4,24,29,33,1,2
2159,2,6,11,12,18,5,12
2160,3,6,17,22,23,4,6
2161,3,4,16,23,28,6,9
2162,13,14,29,32,34,3,12
2163,1,14,19,24,31,3,12
2164,2,8,12,13,17,11,12
2165,1,2,7,29,32,6,7
2166,12,17,27,29,34,6,9
2167,3,12,15,29,34,7,11
2168,29,32,33,34,35,9,10
2169,6,8,18,29,34,9,11
2170,1,3,9,19,34,9,12
2171,2,8,11,21,23,4,7
2172,14,16,25,26,35,4,9
2173,1,16,20,23,28,3,6
2174,1,9,19,20,30,2,11
2175,6,10,16,17,25,2,4
2176,3,4,18,23,32,1,6
2177,15,22,31,34,35,5,12
2178,22,24,29,31,35,4,11
